Workbook

Sheet 00_Resumen_Consolidado
A1: MARCOM — Resumen consolidado del Sprint Backlog
A2: 109 puntos de historia · horas según planning 12.1 a 12.4 · Sprint 4 en curso al 7 oct
A5: Sprint | B5: Foco del Sprint (Sprint Goal) | C5: Puntos Comprometidos | D5: Horas Estimadas | E5: Horas Reales | F5: Estado
A6: Sprint 1 | B6: Núcleo de Plataforma, Autenticación JWT y Control de Bodega/QR | C6: 26 | D6: =Sprint_1_Backlog!G22 -> 160 | E6: =Sprint_1_Backlog!H22 -> 160 | F6: =Sprint_1_Backlog!J22 -> DONE
A7: Sprint 2 | B7: Operación en terreno, evidencia digital, reagendamiento y movimientos de bodega | C7: 26 | D7: =Sprint_2_Backlog!G20 -> 154 | E7: =Sprint_2_Backlog!H20 -> 154 | F7: =Sprint_2_Backlog!J20 -> DONE
A8: Sprint 3 | B8: Ecosistema Transaccional, Pasarela Flow y Simulador DTE/SII | C8: 26 | D8: =Sprint_3_Backlog!G19 -> 142 | E8: =Sprint_3_Backlog!H19 -> 142 | F8: =Sprint_3_Backlog!J19 -> DONE
A9: Sprint 4 | B9: Dashboard de KPIs, venta de activo recuperado (HU-BILL-06), Docker y E2E | C9: 31 | D9: =Sprint_4_Backlog!G22 -> 170 | E9: =Sprint_4_Backlog!H22 -> 8 | F9: =Sprint_4_Backlog!J22 -> EN CURSO
A10: TOTAL | B10: Proyecto completo MARCOM (MVP) | C10: =SUM(C6:C9) -> 109 | D10: =SUM(D6:D9) -> 626 | E10: =SUM(E6:E9) -> 464 | F10: =IF(AND(D10=E10,C10=109),"100% DONE","EN CURSO") -> EN CURSO
A12: Distribución de horas por integrante (todo el proyecto)
A13: Integrante | B13: Sprint 1 | C13: Sprint 2 | D13: Sprint 3 | E13: Sprint 4 | F13: Total
A14: Sergio Bravo | B14: =SUMIF(Sprint_1_Backlog!E6:E21,A14,Sprint_1_Backlog!G6:G21) -> 64 | C14: =SUMIF(Sprint_2_Backlog!E6:E19,A14,Sprint_2_Backlog!G6:G19) -> 62 | D14: =SUMIF(Sprint_3_Backlog!E6:E18,A14,Sprint_3_Backlog!G6:G18) -> 56 | E14: =SUMIF(Sprint_4_Backlog!E6:E21,A14,Sprint_4_Backlog!G6:G21) -> 70 | F14: =SUM(B14:E14) -> 252
A15: Julio Mena | B15: =SUMIF(Sprint_1_Backlog!E6:E21,A15,Sprint_1_Backlog!G6:G21) -> 64 | C15: =SUMIF(Sprint_2_Backlog!E6:E19,A15,Sprint_2_Backlog!G6:G19) -> 60 | D15: =SUMIF(Sprint_3_Backlog!E6:E18,A15,Sprint_3_Backlog!G6:G18) -> 56 | E15: =SUMIF(Sprint_4_Backlog!E6:E21,A15,Sprint_4_Backlog!G6:G21) -> 66 | F15: =SUM(B15:E15) -> 246
A16: Felipe Madrid | B16: =SUMIF(Sprint_1_Backlog!E6:E21,A16,Sprint_1_Backlog!G6:G21) -> 32 | C16: =SUMIF(Sprint_2_Backlog!E6:E19,A16,Sprint_2_Backlog!G6:G19) -> 32 | D16: =SUMIF(Sprint_3_Backlog!E6:E18,A16,Sprint_3_Backlog!G6:G18) -> 30 | E16: =SUMIF(Sprint_4_Backlog!E6:E21,A16,Sprint_4_Backlog!G6:G21) -> 34 | F16: =SUM(B16:E16) -> 128
A17: TOTAL | B17: =SUM(B14:B16) -> 160 | C17: =SUM(C14:C16) -> 154 | D17: =SUM(D14:D16) -> 142 | E17: =SUM(E14:E16) -> 170 | F17: =SUM(F14:F16) -> 626

Sheet Sprint_1_Backlog
A1: MARCOM — Sprint 1 — Núcleo y bodega
A2: 26 puntos · 24 ago – 4 sep 2026 · horas según planning 12.1
A5: ID Tarea | B5: ID Historia | C5: Épica | D5: Descripción Tarea Técnica | E5: Responsable | F5: Rol | G5: Horas Estimadas | H5: Horas Reales | I5: Horas Restantes | J5: Estado
A6: T-BE-101 | B6: HU-AUTH-01 | C6: Auth | D6: Configurar esquemas PostgreSQL (auth_customer_schema, inventory_schema) | E6: Sergio Bravo | F6: Back-end | G6: 8 | H6: 8 | I6: =G6-H6 -> 0 | J6: =IF(I6<=0,"DONE","EN CURSO") -> DONE
A7: T-BE-102 | B7: HU-AUTH-01 | C7: Auth | D7: Endpoint /auth/login con validación por correo y firma JWT | E7: Sergio Bravo | F7: Back-end | G7: 10 | H7: 10 | I7: =G7-H7 -> 0 | J7: =IF(I7<=0,"DONE","EN CURSO") -> DONE
A8: T-BE-103 | B8: HU-AUTH-02 | C8: Auth | D8: CRUD de usuarios y middleware RBAC | E8: Sergio Bravo | F8: Back-end | G8: 12 | H8: 12 | I8: =G8-H8 -> 0 | J8: =IF(I8<=0,"DONE","EN CURSO") -> DONE
A9: T-BE-104 | B9: HU-INV-01 | C9: Inventory | D9: Unicidad de serial_number y generación de payload QR | E9: Sergio Bravo | F9: Back-end | G9: 12 | H9: 12 | I9: =G9-H9 -> 0 | J9: =IF(I9<=0,"DONE","EN CURSO") -> DONE
A10: T-BE-105 | B10: HU-INV-02 | C10: Inventory | D10: Endpoints de cambio de estado e historial de movimientos | E10: Sergio Bravo | F10: Back-end | G10: 10 | H10: 10 | I10: =G10-H10 -> 0 | J10: =IF(I10<=0,"DONE","EN CURSO") -> DONE
A11: T-BE-106 | B11: HU-INV-03 | C11: Inventory | D11: API de búsqueda de activos y endpoint de creación de OT | E11: Sergio Bravo | F11: Back-end | G11: 12 | H11: 12 | I11: =G11-H11 -> 0 | J11: =IF(I11<=0,"DONE","EN CURSO") -> DONE
A12: T-FE-101 | B12: HU-AUTH-01 | C12: Auth | D12: Pantallas de login por correo y creación de usuario en React + Tailwind | E12: Julio Mena | F12: Front-end/QA | G12: 10 | H12: 10 | I12: =G12-H12 -> 0 | J12: =IF(I12<=0,"DONE","EN CURSO") -> DONE
A13: T-FE-102 | B13: HU-AUTH-01 | C13: Auth | D13: Estado global de sesión y persistencia segura del token JWT | E13: Julio Mena | F13: Front-end/QA | G13: 10 | H13: 10 | I13: =G13-H13 -> 0 | J13: =IF(I13<=0,"DONE","EN CURSO") -> DONE
A14: T-FE-103 | B14: HU-INV-01 | C14: Inventory | D14: Formulario de alta de activo con render de código QR | E14: Julio Mena | F14: Front-end/QA | G14: 14 | H14: 14 | I14: =G14-H14 -> 0 | J14: =IF(I14<=0,"DONE","EN CURSO") -> DONE
A15: T-FE-104 | B15: HU-INV-03 | C15: Inventory | D15: Tabla de inventario con filtros dinámicos por serie/SKU | E15: Julio Mena | F15: Front-end/QA | G15: 10 | H15: 10 | I15: =G15-H15 -> 0 | J15: =IF(I15<=0,"DONE","EN CURSO") -> DONE
A16: T-FE-105 | B16: HU-OT-01 | C16: Work Orders | D16: Formulario de creación y asignación de Orden de Trabajo | E16: Julio Mena | F16: Front-end/QA | G16: 12 | H16: 12 | I16: =G16-H16 -> 0 | J16: =IF(I16<=0,"DONE","EN CURSO") -> DONE
A17: T-FE-106 | B17: HU-OT-01 | C17: Work Orders | D17: Pruebas de integración de interfaz React con FastAPI | E17: Julio Mena | F17: Front-end/QA | G17: 8 | H17: 8 | I17: =G17-H17 -> 0 | J17: =IF(I17<=0,"DONE","EN CURSO") -> DONE
... A21: T-SM-104 | B21: Transversal | C21: QA | D21: Redactar y ejecutar casos de prueba BDD del Sprint 1 | E21: Felipe Madrid | F21: QA | G21: 12 | H21: 12 | I21: =G21-H21 -> 0 | J21: =IF(I21<=0,"DONE","EN CURSO") -> DONE
A22: SUBTOTAL — TOTAL SPRINT 1 — NÚCLEO Y BODEGA | G22: =SUM(G6:G21) -> 160 | H22: =SUM(H6:H21) -> 160 | I22: =SUM(I6:I21) -> 0 | J22: =IF(AND(I22=0,G22=H22),"DONE","EN CURSO") -> DONE

Sheet Sprint_2_Backlog
A1: MARCOM — Sprint 2 — Terreno y evidencia
A2: 26 puntos · 7–18 sep 2026 · horas según planning 12.2
A5: ID Tarea | B5: ID Historia | C5: Épica | D5: Descripción Tarea Técnica | E5: Responsable | F5: Rol | G5: Horas Estimadas | H5: Horas Reales | I5: Horas Restantes | J5: Estado
A6: T-BE-201 | B6: HU-OT-02 | C6: Work Orders | D6: Almacenamiento de archivos para imágenes y firmas | E6: Sergio Bravo | F6: Back-end | G6: 12 | H6: 12 | I6: =G6-H6 -> 0 | J6: =IF(I6<=0,"DONE","EN CURSO") -> DONE
A7: T-BE-202 | B7: HU-OT-02 | C7: Work Orders | D7: Endpoint /work-orders/{id}/evidence (multipart) | E7: Sergio Bravo | F7: Back-end | G7: 14 | H7: 14 | I7: =G7-H7 -> 0 | J7: =IF(I7<=0,"DONE","EN CURSO") -> DONE
A8: T-BE-203 | B8: HU-OT-03 | C8: Work Orders | D8: Cambio automático de OT a COMPLETADA con timestamp | E8: Sergio Bravo | F8: Back-end | G8: 10 | H8: 10 | I8: =G8-H8 -> 0 | J8: =IF(I8<=0,"DONE","EN CURSO") -> DONE
A9: T-BE-204 | B9: HU-INV-04 | C9: Inventory | D9: Transferencia de activos entre bodegas y rebaja por OT | E9: Sergio Bravo | F9: Back-end | G9: 14 | H9: 14 | I9: =G9-H9 -> 0 | J9: =IF(I9<=0,"DONE","EN CURSO") -> DONE
A10: T-BE-205 | B10: HU-INV-05 | C10: Inventory | D10: API de stock crítico y umbrales mínimos | E10: Sergio Bravo | F10: Back-end | G10: 12 | H10: 12 | I10: =G10-H10 -> 0 | J10: =IF(I10<=0,"DONE","EN CURSO") -> DONE
A11: T-FE-201 | B11: HU-OT-02 | C11: Work Orders | D11: Interfaz mobile-first para ejecución de OT | E11: Julio Mena | F11: Front-end/QA | G11: 14 | H11: 14 | I11: =G11-H11 -> 0 | J11: =IF(I11<=0,"DONE","EN CURSO") -> DONE
A12: T-FE-202 | B12: HU-OT-02 | C12: Work Orders | D12: Canvas en React para firma manuscrita | E12: Julio Mena | F12: Front-end/QA | G12: 12 | H12: 12 | I12: =G12-H12 -> 0 | J12: =IF(I12<=0,"DONE","EN CURSO") -> DONE
A13: T-FE-203 | B13: HU-OT-02 | C13: Work Orders | D13: Captura y vista previa de fotografía | E13: Julio Mena | F13: Front-end/QA | G13: 12 | H13: 12 | I13: =G13-H13 -> 0 | J13: =IF(I13<=0,"DONE","EN CURSO") -> DONE
A14: T-FE-204 | B14: HU-OT-03 | C14: Work Orders | D14: Seguimiento de OT con badges de estado | E14: Julio Mena | F14: Front-end/QA | G14: 10 | H14: 10 | I14: =G14-H14 -> 0 | J14: =IF(I14<=0,"DONE","EN CURSO") -> DONE
A15: T-FE-205 | B15: HU-INV-04 | C15: Inventory | D15: Pantalla de transferencias entre bodegas | E15: Julio Mena | F15: Front-end/QA | G15: 12 | H15: 12 | I15: =G15-H15 -> 0 | J15: =IF(I15<=0,"DONE","EN CURSO") -> DONE
A16: T-SM-201 | B16: Transversal | C16: Gestión | D16: Verificar DoR de terreno y coordinar pruebas en móvil | E16: Felipe Madrid | F16: Scrum Master | G16: 6 | H16: 6 | I16: =G16-H16 -> 0 | J16: =IF(I16<=0,"DONE","EN CURSO") -> DONE
A17: T-SM-202 | B17: Transversal | C17: Gestión | D17: Monitorear burndown y cuellos de botella en uploads | E17: Felipe Madrid | F17: Scrum Master | G17: 8 | H17: 8 | I17: =G17-H17 -> 0 | J17: =IF(I17<=0,"DONE","EN CURSO") -> DONE
... A19: T-SM-204 | B19: Transversal | C19: Gestión | D19: Ceremonias del Sprint 2 e Impediment Log | E19: Felipe Madrid | F19: Scrum Master | G19: 4 | H19: 4 | I19: =G19-H19 -> 0 | J19: =IF(I19<=0,"DONE","EN CURSO") -> DONE
A20: SUBTOTAL — TOTAL SPRINT 2 — TERRENO Y EVIDENCIA | G20: =SUM(G6:G19) -> 154 | H20: =SUM(H6:H19) -> 154 | I20: =SUM(I6:I19) -> 0 | J20: =IF(AND(I20=0,G20=H20),"DONE","EN CURSO") -> DONE

Sheet Sprint_3_Backlog
A1: MARCOM — Sprint 3 — Flow y DTE/SII
A2: 26 puntos · 21 sep – 2 oct 2026 · horas según planning 12.3
A5: ID Tarea | B5: ID Historia | C5: Épica | D5: Descripción Tarea Técnica | E5: Responsable | F5: Rol | G5: Horas Estimadas | H5: Horas Reales | I5: Horas Restantes | J5: Estado
A6: T-BE-301 | B6: HU-BILL-01 | C6: Billing | D6: Cliente HTTP del sandbox Flow y Adapter Mock | E6: Sergio Bravo | F6: Back-end | G6: 16 | H6: 16 | I6: =G6-H6 -> 0 | J6: =IF(I6<=0,"DONE","EN CURSO") -> DONE
A7: T-BE-302 | B7: HU-BILL-01 | C7: Billing | D7: Endpoint /billing/orders y webhooks de confirmación | E7: Sergio Bravo | F7: Back-end | G7: 14 | H7: 14 | I7: =G7-H7 -> 0 | J7: =IF(I7<=0,"DONE","EN CURSO") -> DONE
A8: T-BE-303 | B8: HU-BILL-02 | C8: Billing | D8: Generador XML/PDF de DTE con folios simulados | E8: Sergio Bravo | F8: Back-end | G8: 16 | H8: 16 | I8: =G8-H8 -> 0 | J8: =IF(I8<=0,"DONE","EN CURSO") -> DONE
A9: T-BE-304 | B9: HU-BILL-03 | C9: Billing | D9: Consulta de documentos por cliente de convenio | E9: Sergio Bravo | F9: Back-end | G9: 10 | H9: 10 | I9: =G9-H9 -> 0 | J9: =IF(I9<=0,"DONE","EN CURSO") -> DONE
A10: T-FE-301 | B10: HU-BILL-01 | C10: Billing | D10: Pasarela interna: redirección Flow / modal Mock | E10: Julio Mena | F10: Front-end/QA | G10: 14 | H10: 14 | I10: =G10-H10 -> 0 | J10: =IF(I10<=0,"DONE","EN CURSO") -> DONE
A11: T-FE-302 | B11: HU-BILL-02 | C11: Billing | D11: Confirmación de pago y visualizador de DTE | E11: Julio Mena | F11: Front-end/QA | G11: 12 | H11: 12 | I11: =G11-H11 -> 0 | J11: =IF(I11<=0,"DONE","EN CURSO") -> DONE
A12: T-FE-303 | B12: HU-BILL-03 | C12: Billing | D12: Portal de documentos para CLIENTE_CONVENIO | E12: Julio Mena | F12: Front-end/QA | G12: 12 | H12: 12 | I12: =G12-H12 -> 0 | J12: =IF(I12<=0,"DONE","EN CURSO") -> DONE
A13: T-FE-304 | B13: HU-BILL-05 | C13: Billing | D13: Descarga de PDF y comprobantes | E13: Julio Mena | F13: Front-end/QA | G13: 10 | H13: 10 | I13: =G13-H13 -> 0 | J13: =IF(I13<=0,"DONE","EN CURSO") -> DONE
A14: T-FE-305 | B14: HU-BILL-04 | C14: Billing | D14: Estados de conciliación y notificación de webhook | E14: Julio Mena | F14: Front-end/QA | G14: 8 | H14: 8 | I14: =G14-H14 -> 0 | J14: =IF(I14<=0,"DONE","EN CURSO") -> DONE
A15: T-SM-301 | B15: Transversal | C15: Gestión | D15: Validar contingencia Sandbox Flow vs Adapter Mock | E15: Felipe Madrid | F15: Scrum Master | G15: 6 | H15: 6 | I15: =G15-H15 -> 0 | J15: =IF(I15<=0,"DONE","EN CURSO") -> DONE
A16: T-SM-302 | B16: Transversal | C16: Gestión | D16: Pruebas de simulación de pagos con el Product Owner | E16: Felipe Madrid | F16: Scrum Master | G16: 12 | H16: 12 | I16: =G16-H16 -> 0 | J16: =IF(I16<=0,"DONE","EN CURSO") -> DONE
A17: T-SM-303 | B17: Transversal | C17: QA | D17: Registrar impedimentos de dependencia SII | E17: Felipe Madrid | F17: QA | G17: 8 | H17: 8 | I17: =G17-H17 -> 0 | J17: =IF(I17<=0,"DONE","EN CURSO") -> DONE
A18: T-SM-304 | B18: Transversal | C18: Gestión | D18: Ceremonias del Sprint 3 e Impediment Log | E18: Felipe Madrid | F18: Scrum Master | G18: 4 | H18: 4 | I18: =G18-H18 -> 0 | J18: =IF(I18<=0,"DONE","EN CURSO") -> DONE
A19: SUBTOTAL — TOTAL SPRINT 3 — FLOW Y DTE/SII | G19: =SUM(G6:G18) -> 142 | H19: =SUM(H6:H18) -> 142 | I19: =SUM(I6:I18) -> 0 | J19: =IF(AND(I19=0,G19=H19),"DONE","EN CURSO") -> DONE

Sheet Sprint_4_Backlog
A1: MARCOM — Sprint 4 — Dashboard, venta de recuperados y cierre
A2: 31 puntos · 5–16 oct 2026 · horas según planning 12.4 · corte 7 oct
A5: ID Tarea | B5: ID Historia | C5: Épica | D5: Descripción Tarea Técnica | E5: Responsable | F5: Rol | G5: Horas Estimadas | H5: Horas Reales | I5: Horas Restantes | J5: Estado
A6: T-BE-401 | B6: HU-DASH-01 | C6: Analytics | D6: Vistas SQL en analytics_schema para KPIs | E6: Sergio Bravo | F6: Back-end | G6: 14 | H6: 4 | I6: =G6-H6 -> 10 | J6: =IF(I6<=0,"DONE","EN CURSO") -> EN CURSO
A7: T-BE-402 | B7: HU-DASH-02 | C7: Analytics | D7: Endpoints de métricas de facturación y stock | E7: Sergio Bravo | F7: Back-end | G7: 12 | H7: 0 | I7: =G7-H7 -> 12 | J7: =IF(I7<=0,"DONE","EN CURSO") -> EN CURSO
A8: T-BE-403 | B8: HU-DASH-03 | C8: Analytics | D8: Generador de reportes en Excel (openpyxl) | E8: Sergio Bravo | F8: Back-end | G8: 10 | H8: 0 | I8: =G8-H8 -> 10 | J8: =IF(I8<=0,"DONE","EN CURSO") -> EN CURSO
A9: T-BE-404 | B9: HU-BILL-06 | C9: Billing | D9: Endpoint /inventory/sales y estado VENDIDO | E9: Sergio Bravo | F9: Back-end | G9: 12 | H9: 0 | I9: =G9-H9 -> 12 | J9: =IF(I9<=0,"DONE","EN CURSO") -> EN CURSO
A10: T-BE-405 | B10: HU-STAB-02 | C10: Infra | D10: docker-compose.yml, PostgreSQL y Swagger OpenAPI | E10: Sergio Bravo | F10: Back-end | G10: 12 | H10: 0 | I10: =G10-H10 -> 12 | J10: =IF(I10<=0,"DONE","EN CURSO") -> EN CURSO
A11: T-BE-406 | B11: HU-STAB-01 | C11: QA | D11: Corrección de bugs de integración y refactor de seguridad | E11: Sergio Bravo | F11: Back-end | G11: 10 | H11: 0 | I11: =G11-H11 -> 10 | J11: =IF(I11<=0,"DONE","EN CURSO") -> EN CURSO
A12: T-FE-401 | B12: HU-DASH-01 | C12: Analytics | D12: Dashboard React con gráficos (Recharts) | E12: Julio Mena | F12: Front-end/QA | G12: 16 | H12: 2 | I12: =G12-H12 -> 14 | J12: =IF(I12<=0,"DONE","EN CURSO") -> EN CURSO
A13: T-FE-402 | B13: HU-DASH-02 | C13: Analytics | D13: Filtros globales por fecha y sucursal | E13: Julio Mena | F13: Front-end/QA | G13: 10 | H13: 0 | I13: =G13-H13 -> 10 | J13: =IF(I13<=0,"DONE","EN CURSO") -> EN CURSO
A14: T-FE-403 | B14: HU-DASH-03 | C14: Analytics | D14: Vista de exportación e impresión de reportes | E14: Julio Mena | F14: Front-end/QA | G14: 10 | H14: 0 | I14: =G14-H14 -> 10 | J14: =IF(I14<=0,"DONE","EN CURSO") -> EN CURSO
A15: T-FE-404 | B15: HU-BILL-06 | C15: Billing | D15: Módulo UI de venta directa de activos y comprobante | E15: Julio Mena | F15: Front-end/QA | G15: 10 | H15: 0 | I15: =G15-H15 -> 10 | J15: =IF(I15<=0,"DONE","EN CURSO") -> EN CURSO
A16: T-FE-405 | B16: HU-STAB-01 | C16: QA | D16: Pruebas UI E2E desde login hasta facturación | E16: Julio Mena | F16: Front-end/QA | G16: 12 | H16: 0 | I16: =G16-H16 -> 12 | J16: =IF(I16<=0,"DONE","EN CURSO") -> EN CURSO
A17: T-FE-406 | B17: HU-STAB-01 | C17: QA/UI | D17: Estabilización visual y pulido responsive | E17: Julio Mena | F17: Front-end/QA | G17: 8 | H17: 0 | I17: =G17-H17 -> 8 | J17: =IF(I17<=0,"DONE","EN CURSO") -> EN CURSO
... A21: T-SM-404 | B21: Transversal | C21: Gestión | D21: Review y Retrospective de cierre | E21: Felipe Madrid | F21: Scrum Master | G21: 8 | H21: 0 | I21: =G21-H21 -> 8 | J21: =IF(I21<=0,"DONE","EN CURSO") -> EN CURSO
A22: SUBTOTAL — TOTAL SPRINT 4 — DASHBOARD, VENTA Y CIERRE | G22: =SUM(G6:G21) -> 170 | H22: =SUM(H6:H21) -> 8 | I22: =SUM(I6:I21) -> 162 | J22: =IF(AND(I22=0,G22=H22),"DONE","EN CURSO") -> EN CURSO

Sheet Burndown_Data
A1: MARCOM — Datos de Burndown (Sprints 1 a 4)
A2: Ideal según horas del planning de cada sprint. Real del Sprint 4 cortado al 7 oct (día 2).
A5: Día Hábil | B5: Sprint 1 Ideal | C5: Sprint 1 Real | D5: Sprint 2 Ideal | E5: Sprint 2 Real | F5: Sprint 3 Ideal | G5: Sprint 3 Real | H5: Sprint 4 Ideal | I5: Sprint 4 Real
A6: Día 0 (Inicio) | B6: =160*(1-0/10) -> 160 | C6: 160 | D6: =154*(1-0/10) -> 154 | E6: 160 | F6: =142*(1-0/10) -> 142 | G6: 160 | H6: =170*(1-0/10) -> 170 | I6: 170
A7: Día 1 | B7: =160*(1-1/10) -> 144 | C7: 152 | D7: =154*(1-1/10) -> 138.6 | E7: 150 | F7: =142*(1-1/10) -> 127.8 | G7: 154 | H7: =170*(1-1/10) -> 153 | I7: 166
A8: Día 2 | B8: =160*(1-2/10) -> 128 | C8: 136 | D8: =154*(1-2/10) -> 123.2 | E8: 134 | F8: =142*(1-2/10) -> 113.6 | G8: 138 | H8: =170*(1-2/10) -> 136 | I8: 162
A9: Día 3 | B9: =160*(1-3/10) -> 112 | C9: 118 | D9: =154*(1-3/10) -> 107.8 | E9: 116 | F9: =142*(1-3/10) -> 99.4 | G9: 120 | H9: =170*(1-3/10) -> 119 | I9: 162
A10: Día 4 | B10: =160*(1-4/10) -> 96 | C10: 98 | D10: =154*(1-4/10) -> 92.4 | E10: 95 | F10: =142*(1-4/10) -> 85.2 | G10: 100 | H10: =170*(1-4/10) -> 102 | I10: 162
A11: Día 5 | B11: =160*(1-5/10) -> 80 | C11: 78 | D11: =154*(1-5/10) -> 77 | E11: 76 | F11: =142*(1-5/10) -> 71 | G11: 82 | H11: =170*(1-5/10) -> 85 | I11: 162
A12: Día 6 | B12: =160*(1-6/10) -> 64 | C12: 60 | D12: =154*(1-6/10) -> 61.6 | E12: 58 | F12: =142*(1-6/10) -> 56.8 | G12: 62 | H12: =170*(1-6/10) -> 68 | I12: 162
A13: Día 7 | B13: =160*(1-7/10) -> 48 | C13: 42 | D13: =154*(1-7/10) -> 46.2 | E13: 40 | F13: =142*(1-7/10) -> 42.6 | G13: 45 | H13: =170*(1-7/10) -> 51 | I13: 162
A14: Día 8 | B14: =160*(1-8/10) -> 32 | C14: 28 | D14: =154*(1-8/10) -> 30.8 | E14: 25 | F14: =142*(1-8/10) -> 28.4 | G14: 28 | H14: =170*(1-8/10) -> 34 | I14: 162
A15: Día 9 | B15: =160*(1-9/10) -> 16 | C15: 12 | D15: =154*(1-9/10) -> 15.4 | E15: 10 | F15: =142*(1-9/10) -> 14.2 | G15: 12 | H15: =170*(1-9/10) -> 17 | I15: 162
A16: Día 10 (Cierre) | B16: =160*(1-10/10) -> 0 | C16: 0 | D16: =154*(1-10/10) -> 0 | E16: 0 | F16: =142*(1-10/10) -> 0 | G16: 0 | H16: =170*(1-10/10) -> 0 | I16: 162
